,participant_id,survey_type,Question 3 Option 1,Question 3 Option 2,Question 3 Option 3
0,Participant 1,in_person,1,0,0
1,Participant 2,in_person,1,0,0
2,Participant 3,in_person,0,1,0
3,Participant 4,in_person,1,0,0
4,Participant 5,in_person,0,1,0
5,Participant 6,in_person,1,0,0
6,Participant 7,in_person,1,0,0
7,Participant 8,in_person,0,1,0
8,Participant 9,in_person,1,0,0
9,Participant 10,in_person,1,0,0
10,Participant 11,in_person,1,0,0
11,Participant 12,in_person,0,1,0
12,Participant 13,in_person,0,1,0
13,Participant 14,in_person,1,0,0
14,Participant 15,in_person,1,0,0
15,Participant 16,in_person,0,1,0
16,Participant 17,in_person,1,0,0
17,Participant 18,in_person,0,1,0
18,Participant 19,in_person,1,0,0
19,Participant 20,in_person,1,0,0
20,Participant 21,in_person,1,0,0
21,Participant 22,in_person,1,0,0
22,Participant 23,in_person,0,1,0
23,Participant 24,in_person,1,0,0
24,Participant 25,in_person,0,1,0
25,Participant 26,in_person,0,1,0
26,Participant 27,in_person,0,1,0
27,Participant 28,in_person,0,1,0
28,Participant 29,in_person,0,1,0
29,Participant 30,in_person,1,0,0
30,Participant 31,in_person,0,1,0
31,Participant 32,in_person,0,1,0
32,Participant 33,in_person,0,1,0
33,Participant 34,in_person,0,1,0
34,Participant 35,in_person,0,1,0
35,Participant 36,in_person,0,1,0
36,Participant 37,in_person,1,0,0
37,Participant 38,in_person,0,1,0
38,Participant 39,in_person,1,0,0
39,Participant 40,in_person,0,1,0
40,Participant 41,in_person,0,1,0
41,Participant 42,in_person,1,0,0
42,Participant 43,in_person,1,0,0
43,Participant 44,in_person,0,1,0
44,Participant 45,in_person,0,1,0
45,Participant 46,in_person,0,0,1
46,Participant 47,in_person,0,0,1
47,Participant 48,in_person,1,0,0
48,Participant 49,in_person,0,1,0
49,Participant 50,in_person,1,0,0
50,Participant 51,in_person,1,0,0
51,Participant 52,in_person,1,0,0
52,Participant 53,in_person,1,0,0
53,Participant 54,in_person,0,1,0
54,Participant 55,in_person,1,0,0
55,Participant 56,in_person,0,1,0
56,Participant 57,in_person,0,1,0
57,Participant 58,in_person,0,1,0
58,Participant 59,in_person,1,0,0
59,Participant 60,in_person,0,1,0
60,Participant 61,in_person,0,1,0
61,Participant 62,in_person,0,1,0
62,Participant 63,in_person,1,0,0
63,Participant 64,in_person,1,0,0
64,Participant 65,in_person,0,1,0
65,Participant 66,in_person,0,1,0
66,Participant 67,in_person,0,1,0
67,Participant 68,in_person,1,0,0
68,Participant 69,in_person,0,1,0
69,Participant 70,in_person,1,0,0
70,Participant 71,in_person,1,0,0
71,Participant 72,in_person,0,1,0
72,Participant 73,in_person,1,0,0
73,Participant 74,in_person,0,1,0
74,Participant 75,in_person,1,0,0
75,Participant 76,in_person,1,0,0
76,Participant 77,in_person,0,1,0
77,Participant 78,in_person,1,0,0
78,Participant 79,in_person,0,1,0
79,Participant 80,in_person,0,1,0
80,Participant 81,in_person,1,0,0
81,Participant 82,in_person,0,1,0
82,Participant 83,in_person,1,0,0
83,Participant 84,in_person,1,0,0
84,Participant 85,in_person,1,0,0
85,Participant 86,in_person,0,1,0
86,Participant 87,in_person,0,1,0
87,Participant 88,in_person,1,0,0
88,Participant 89,in_person,1,0,0
89,Participant 90,in_person,0,1,0
90,Participant 91,in_person,1,0,0
91,Participant 92,in_person,1,0,0
92,Participant 93,in_person,1,0,0
93,Participant 94,in_person,0,1,0
94,Participant 95,in_person,1,0,0
95,Participant 96,in_person,0,1,0
96,Participant 97,in_person,1,0,0
97,Participant 98,in_person,1,0,0
98,Participant 99,in_person,0,1,0
99,Participant 100,in_person,0,1,0
100,Participant 101,in_person,0,1,0
101,Participant 102,in_person,0,1,0
102,Participant 103,in_person,1,0,0
103,Participant 104,in_person,0,1,0
104,Participant 105,in_person,0,1,0
105,Participant 106,in_person,0,1,0
106,Participant 107,in_person,0,1,0
107,Participant 108,in_person,1,0,0
108,Participant 109,in_person,1,0,0
109,Participant 110,in_person,1,0,0
110,Participant 111,in_person,1,0,0
111,Participant 112,in_person,0,1,0
112,Participant 113,in_person,0,1,0
113,Participant 114,in_person,0,1,0
114,Participant 115,in_person,0,1,0
115,Participant 116,in_person,0,1,0
116,Participant 117,in_person,1,0,0
117,Participant 118,in_person,0,1,0
118,Participant 119,in_person,1,0,0
119,Participant 120,in_person,0,1,0
120,Participant 121,in_person,1,0,0
121,Participant 122,in_person,1,0,0
122,Participant 123,in_person,0,1,0
123,Participant 124,in_person,1,0,0
124,Participant 125,in_person,1,0,0
125,Participant 126,in_person,0,1,0
126,Participant 127,in_person,0,1,0
127,Participant 128,in_person,1,0,0
128,Participant 129,in_person,0,1,0
129,Participant 130,in_person,1,0,0
130,Participant 131,in_person,1,0,0
131,Participant 132,in_person,1,0,0
132,Participant 133,in_person,0,1,0
133,Participant 134,in_person,1,0,0
134,Participant 135,in_person,1,0,0
135,Participant 136,in_person,0,1,0
136,Participant 137,in_person,0,1,0
137,Participant 138,in_person,0,1,0
138,Participant 139,in_person,1,0,0
139,Participant 140,in_person,0,1,0
140,Participant 141,in_person,0,1,0
141,Participant 142,in_person,1,0,0
142,Participant 143,in_person,0,1,0
143,Participant 144,in_person,0,1,0
144,Participant 145,in_person,1,0,0
145,Participant 146,in_person,0,1,0
146,Participant 147,in_person,0,1,0
147,Participant 148,in_person,1,0,0
148,Participant 149,in_person,1,0,0
149,Participant 150,in_person,0,1,0
150,Participant 151,in_person,1,0,0
151,Participant 152,in_person,1,0,0
152,Participant 153,in_person,1,0,0
153,Participant 154,in_person,1,0,0
154,Participant 155,in_person,0,1,0
155,Participant 156,in_person,1,0,0
156,Participant 157,in_person,1,0,0
157,Participant 158,in_person,0,1,0
158,Participant 159,in_person,0,1,0
159,Participant 160,in_person,0,1,0
160,Participant 161,in_person,0,1,0
161,Participant 162,in_person,1,0,0
162,Participant 163,in_person,0,1,0
163,Participant 164,in_person,1,0,0
164,Participant 165,in_person,1,0,0
165,Participant 166,in_person,1,0,0
166,Participant 167,in_person,0,1,0
167,Participant 168,in_person,1,0,0
168,Participant 169,in_person,1,0,0
169,Participant 170,in_person,1,0,0
170,Participant 171,in_person,0,1,0
171,Participant 172,in_person,1,0,0
172,Participant 173,in_person,1,0,0
173,Participant 174,in_person,0,1,0
174,Participant 175,in_person,1,0,0
175,Participant 176,in_person,1,0,0
176,Participant 177,in_person,1,0,0
177,Participant 178,in_person,0,1,0
178,Participant 179,in_person,1,0,0
179,Participant 180,in_person,0,1,0
180,Participant 181,in_person,0,1,0
181,Participant 182,in_person,1,0,0
182,Participant 183,in_person,1,0,0
183,Participant 184,in_person,1,0,0
184,Participant 185,in_person,0,1,0
185,Participant 186,in_person,0,1,0
186,Participant 187,in_person,1,0,0
187,Participant 188,in_person,0,1,0
188,Participant 189,in_person,1,0,0
189,Participant 190,in_person,0,1,0
190,Participant 191,in_person,1,0,0
191,Participant 192,in_person,0,1,0
192,Participant 193,in_person,1,0,0
193,Participant 194,in_person,1,0,0
194,Participant 195,in_person,0,1,0
195,Participant 196,in_person,1,0,0
196,Participant 197,in_person,1,0,0
197,Participant 198,in_person,0,1,0
198,Participant 199,in_person,0,1,0
199,Participant 200,in_person,0,1,0
200,Participant 201,in_person,1,0,0
201,Participant 202,in_person,1,0,0
202,Participant 203,in_person,0,1,0
203,Participant 204,in_person,0,1,0
204,Participant 205,in_person,1,0,0
205,Participant 206,in_person,0,1,0
206,Participant 207,in_person,0,1,0
207,Participant 208,in_person,1,0,0
208,Participant 209,in_person,0,1,0
209,Participant 210,in_person,0,1,0
210,Participant 211,in_person,1,0,0
211,Participant 212,in_person,1,0,0
212,Participant 213,in_person,0,1,0
213,Participant 214,in_person,0,0,0
214,Participant 215,in_person,1,0,0
215,Participant 216,in_person,0,1,0
216,Participant 217,in_person,1,0,0
217,Participant 218,in_person,1,0,0
218,Participant 219,in_person,0,1,0
219,Participant 220,in_person,1,0,0
220,Participant 221,in_person,1,0,0
221,Participant 222,in_person,1,0,0
222,Participant 223,in_person,0,1,0
223,Participant 224,in_person,0,1,0
224,Participant 225,in_person,1,0,0
225,Participant 226,in_person,1,0,0
226,Participant 227,in_person,1,0,0
227,Participant 228,in_person,0,1,0
228,Participant 229,in_person,1,0,0
229,Participant 230,in_person,1,0,0
230,Participant 231,in_person,1,0,0
231,Participant 232,in_person,1,0,0
232,Participant 233,in_person,1,0,0
233,Participant 234,in_person,0,1,0
234,Participant 235,in_person,0,1,0
235,Participant 236,in_person,0,1,0
236,Participant 237,in_person,1,0,0
237,Participant 238,in_person,1,0,0
238,Participant 239,in_person,0,1,0
239,Participant 240,in_person,1,0,0
240,Participant 241,in_person,0,1,0
241,Participant 242,in_person,0,1,0
242,Participant 243,in_person,0,1,0
243,Participant 244,in_person,0,1,0
244,Participant 245,in_person,1,0,0
245,Participant 246,in_person,1,0,0
246,Participant 247,in_person,0,1,0
247,Participant 248,in_person,1,0,0
248,Participant 249,in_person,0,1,0
249,Participant 250,in_person,1,0,0
250,Participant 251,in_person,1,0,0
251,Participant 252,in_person,0,1,0
252,Participant 253,in_person,1,0,0
253,Participant 254,in_person,1,0,0
254,Participant 255,in_person,1,0,0
255,Participant 256,in_person,1,0,0
256,Participant 257,in_person,0,1,0
257,Participant 258,in_person,1,0,0
258,Participant 259,in_person,1,0,0
259,Participant 260,in_person,1,0,0
260,Participant 261,in_person,1,0,0
261,Participant 262,in_person,1,0,0
262,Participant 263,in_person,0,1,0
263,Participant 264,in_person,0,1,0
264,Participant 265,in_person,1,0,0
265,Participant 266,in_person,0,1,0
266,Participant 267,in_person,1,0,0
267,Participant 268,in_person,1,0,0
268,Participant 269,in_person,0,1,0
269,Participant 270,in_person,0,1,0
270,Participant 271,in_person,0,1,0
271,Participant 272,in_person,0,1,0
272,Participant 273,in_person,0,1,0
273,Participant 274,in_person,0,1,0
274,Participant 275,in_person,1,0,0
275,Participant 276,in_person,0,1,0
276,Participant 277,in_person,1,0,0
277,Participant 278,in_person,0,1,0
278,Participant 279,in_person,0,1,0
279,Participant 280,in_person,1,0,0
280,Participant 281,in_person,1,0,0
281,Participant 282,in_person,0,1,0
282,Participant 283,in_person,1,0,0
283,Participant 284,in_person,1,0,0
284,Participant 285,in_person,1,0,0
285,Participant 286,in_person,1,0,0
286,Participant 287,in_person,0,1,0
287,Participant 288,in_person,0,1,0
288,Participant 289,in_person,1,0,0
289,Participant 290,in_person,0,1,0
290,Participant 291,in_person,1,0,0
291,Participant 292,in_person,1,0,0
292,Participant 293,in_person,1,0,0
293,Participant 294,in_person,1,0,0
294,Participant 295,in_person,0,1,0
295,Participant 296,in_person,1,0,0
296,Participant 297,in_person,0,1,0
297,Participant 298,in_person,1,0,0
298,Participant 299,in_person,1,0,0
299,Participant 300,in_person,0,1,0
300,Participant 301,in_person,1,0,0
301,Participant 302,in_person,0,1,0
302,Participant 303,in_person,1,0,0
303,Participant 304,in_person,0,1,0
304,Participant 305,in_person,1,0,0
305,Participant 306,in_person,0,1,0
306,Participant 307,in_person,0,1,0
307,Participant 308,in_person,1,0,0
308,Participant 309,in_person,1,0,0
309,Participant 310,in_person,1,0,0
310,Participant 311,in_person,1,0,0
311,Participant 312,in_person,1,0,0
312,Participant 313,in_person,0,1,0
313,Participant 314,in_person,1,0,0
314,Participant 315,in_person,1,0,0
315,Participant 316,in_person,0,1,0
316,Participant 317,in_person,1,0,0
317,Participant 318,in_person,0,1,0
318,Participant 319,in_person,0,1,0
319,Participant 320,in_person,0,1,0
320,Participant 321,in_person,1,0,0
321,Participant 322,in_person,0,1,0
322,Participant 323,in_person,1,0,0
323,Participant 324,in_person,1,0,0
324,Participant 325,in_person,1,0,0
325,Participant 326,in_person,1,0,0
326,Participant 327,in_person,1,0,0
327,Participant 328,in_person,1,0,0
328,Participant 329,in_person,0,1,0
329,Participant 330,in_person,1,0,0
330,Participant 331,in_person,1,0,0
331,Participant 332,in_person,1,0,0
332,Participant 333,in_person,0,1,0
333,Participant 334,in_person,0,1,0
334,Participant 335,in_person,1,0,0
335,Participant 336,in_person,1,0,0
336,Participant 337,in_person,1,0,0
337,Participant 338,in_person,0,1,0
338,Participant 339,in_person,1,0,0
339,Participant 340,in_person,0,1,0
340,Participant 341,in_person,1,0,0
341,Participant 342,in_person,1,0,0
342,Participant 343,in_person,1,0,0
343,Participant 344,in_person,1,0,0
344,Participant 345,in_person,0,1,0
345,Participant 346,in_person,1,0,0
346,Participant 347,in_person,0,1,0
347,Participant 348,in_person,0,1,0
348,Participant 349,in_person,0,1,0
349,Participant 350,in_person,1,0,0
350,Participant 351,in_person,1,0,0
351,Participant 352,in_person,1,0,0
352,Participant 353,in_person,1,0,0
353,Participant 354,in_person,0,1,0
354,Participant 355,in_person,1,0,0
355,Participant 356,in_person,1,0,0
356,Participant 357,in_person,0,1,0
357,Participant 358,in_person,1,0,0
358,Participant 359,in_person,1,0,0
359,Participant 360,in_person,1,0,0
360,Participant 361,in_person,1,0,0
361,Participant 362,in_person,1,0,0
362,Participant 363,in_person,1,0,0
363,Participant 364,in_person,1,0,0
364,Participant 365,in_person,0,1,0
365,Participant 366,in_person,1,0,0
366,Participant 367,in_person,1,0,0
367,Participant 368,in_person,1,0,0
368,Participant 369,in_person,1,0,0
369,Participant 370,in_person,1,0,0
370,Participant 371,in_person,1,0,0
371,Participant 372,in_person,1,0,0
372,Participant 373,in_person,1,0,0
373,Participant 374,in_person,1,0,0
374,Participant 375,in_person,1,0,0
375,Participant 376,in_person,1,0,0
376,Participant 377,in_person,1,0,0
377,Participant 378,in_person,1,0,0
378,Participant 379,in_person,0,1,0
379,Participant 380,in_person,1,0,0
380,Participant 381,in_person,1,0,0
381,Participant 382,in_person,1,0,0
382,Participant 383,in_person,0,1,0
383,Participant 384,in_person,0,1,0
384,Participant 385,in_person,1,0,0
385,Participant 386,in_person,1,0,0
386,Participant 387,in_person,1,0,0
387,Participant 388,in_person,0,1,0
388,Participant 389,in_person,1,0,0
389,Participant 390,in_person,0,1,0
390,Participant 391,in_person,0,1,0
391,Participant 392,in_person,1,0,0
392,Participant 393,in_person,1,0,0
393,Participant 394,in_person,0,1,0
394,Participant 395,in_person,1,0,0
395,Participant 396,in_person,0,1,0
396,Participant 397,in_person,1,0,0
397,Participant 398,in_person,1,0,0
398,Participant 399,in_person,1,0,0
399,Participant 400,in_person,0,1,0
400,Participant 401,in_person,1,0,0
401,Participant 402,in_person,1,0,0
402,Participant 403,in_person,0,1,0
403,Participant 404,in_person,1,0,0
404,Participant 405,in_person,1,0,0
405,Participant 406,in_person,0,1,0
406,Participant 407,in_person,0,1,0
407,Participant 408,in_person,1,0,0
408,Participant 409,in_person,1,0,0
409,Participant 410,in_person,1,0,0
410,Participant 411,in_person,1,0,0
411,Participant 412,in_person,1,0,0
412,Participant 413,in_person,0,1,0
413,Participant 414,in_person,1,0,0
414,Participant 415,in_person,0,1,0
415,Participant 416,in_person,0,1,0
416,Participant 417,in_person,1,0,0
417,Participant 418,in_person,0,1,0
418,Participant 419,in_person,0,1,0
419,Participant 420,in_person,0,1,0
420,Participant 421,in_person,0,1,0
421,Participant 422,in_person,1,0,0
422,Participant 423,in_person,1,0,0
423,Participant 424,in_person,1,0,0
424,Participant 425,in_person,1,0,0
425,Participant 426,in_person,0,1,0
426,Participant 427,in_person,1,0,0
427,Participant 428,in_person,1,0,0
428,Participant 429,in_person,1,0,0
429,Participant 430,in_person,1,0,0
430,Participant 431,in_person,0,1,0
431,Participant 432,in_person,0,1,0
432,Participant 433,in_person,1,0,0
433,Participant 434,in_person,1,0,0
434,Participant 435,in_person,0,1,0
435,Participant 436,in_person,1,0,0
436,Participant 437,in_person,1,0,0
437,Participant 438,in_person,1,0,0
438,Participant 439,in_person,0,1,0
439,Participant 440,in_person,0,1,0
440,Participant 441,in_person,1,0,0
441,Participant 442,in_person,1,0,0
442,Participant 443,in_person,1,0,0
443,Participant 444,in_person,0,1,0
444,Participant 445,in_person,1,0,0
445,Participant 446,in_person,1,0,0
446,Participant 447,in_person,1,0,0
447,Participant 448,in_person,0,1,0
448,Participant 449,in_person,1,0,0
449,Participant 450,in_person,1,0,0
450,Participant 451,in_person,0,1,0
451,Participant 452,in_person,1,0,0
452,Participant 453,in_person,1,0,0
453,Participant 454,in_person,1,0,0
454,Participant 455,in_person,1,0,0
455,Participant 456,in_person,0,1,0
456,Participant 457,in_person,1,0,0
457,Participant 458,in_person,0,1,0
458,Participant 459,in_person,1,0,0
459,Participant 460,in_person,0,1,0
460,Participant 461,in_person,1,0,0
461,Participant 462,in_person,1,0,0
462,Participant 463,in_person,1,0,0
463,Participant 464,in_person,1,0,0
464,Participant 465,in_person,0,1,0
465,Participant 466,in_person,1,0,0
466,Participant 467,in_person,1,0,0
467,Participant 468,in_person,1,0,0
468,Participant 469,in_person,0,1,0
469,Participant 470,in_person,0,1,0
470,Participant 471,in_person,1,0,0
471,Participant 472,in_person,0,1,0
472,Participant 473,in_person,0,1,0
473,Participant 474,in_person,0,1,0
474,Participant 475,in_person,0,1,0
475,Participant 476,in_person,0,1,0
476,Participant 477,in_person,1,0,0
477,Participant 478,in_person,0,1,0
478,Participant 479,in_person,1,0,0
479,Participant 480,in_person,1,0,0
480,Participant 481,in_person,1,0,0
481,Participant 482,in_person,0,1,0
482,Participant 483,in_person,1,0,0
483,Participant 484,in_person,1,0,0
484,Participant 485,in_person,0,1,0
485,Participant 486,in_person,1,0,0
486,Participant 487,in_person,1,0,0
487,Participant 488,in_person,0,1,0
488,Participant 489,in_person,1,0,0
489,Participant 490,in_person,0,1,0
490,Participant 491,in_person,0,1,0
491,Participant 492,in_person,1,0,0
492,Participant 493,in_person,0,1,0
493,Participant 494,in_person,0,1,0
494,Participant 495,in_person,1,0,0
495,Participant 496,in_person,1,0,0
496,Participant 497,in_person,1,0,0
497,Participant 498,in_person,0,1,0
498,Participant 499,in_person,1,0,0
499,Participant 500,in_person,0,1,0
500,Participant 501,in_person,0,1,0
501,Participant 502,in_person,0,1,0
502,Participant 503,in_person,1,0,0
503,Participant 504,in_person,0,1,0
504,Participant 505,in_person,1,0,0
505,Participant 506,in_person,1,0,0
506,Participant 507,in_person,0,1,0
507,Participant 508,in_person,0,1,0
508,Participant 509,in_person,1,0,0
509,Participant 510,in_person,1,0,0
510,Participant 511,in_person,0,1,0
511,Participant 512,in_person,0,1,0
512,Participant 513,in_person,1,0,0
513,Participant 514,in_person,0,1,0
514,Participant 515,in_person,0,1,0
515,Participant 516,in_person,0,1,0
516,Participant 517,in_person,1,0,0
517,Participant 518,in_person,1,0,0
518,Participant 519,in_person,1,0,0
519,Participant 520,in_person,0,1,0
520,Participant 521,in_person,1,0,0
521,Participant 522,in_person,0,1,0
522,Participant 523,in_person,1,0,0
523,Participant 524,in_person,1,0,0
524,Participant 525,in_person,1,0,0
525,Participant 526,in_person,1,0,0
526,Participant 527,in_person,1,0,0
527,Participant 528,in_person,1,0,0
528,Participant 529,in_person,0,1,0
529,Participant 530,in_person,0,1,0
530,Participant 531,in_person,1,0,0
531,Participant 532,in_person,1,0,0
532,Participant 533,in_person,1,0,0
533,Participant 534,in_person,1,0,0
534,Participant 535,in_person,0,1,0
535,Participant 536,in_person,1,0,0
536,Participant 537,in_person,0,1,0
537,Participant 538,in_person,0,1,0
538,Participant 539,in_person,1,0,0
539,Participant 540,in_person,1,0,0
540,Participant 541,in_person,1,0,0
541,Participant 542,in_person,1,0,0
542,Participant 543,in_person,0,1,0
543,Participant 544,in_person,0,1,0
544,Participant 545,in_person,1,0,0
545,Participant 546,in_person,1,0,0
546,Participant 547,in_person,1,0,0
547,Participant 548,in_person,0,1,0
548,Participant 549,in_person,0,1,0
549,Participant 550,in_person,1,0,0
550,Participant 551,in_person,1,0,0
551,Participant 552,in_person,1,0,0
552,Participant 553,in_person,0,1,0
553,Participant 554,in_person,1,0,0
554,Participant 555,in_person,1,0,0
555,Participant 556,in_person,1,0,0
556,Participant 557,in_person,1,0,0
557,Participant 558,in_person,0,1,0
558,Participant 559,in_person,1,0,0
559,Participant 560,in_person,1,0,0
560,Participant 561,in_person,0,1,0
561,Participant 562,in_person,1,0,0
562,Participant 563,in_person,0,1,0
563,Participant 564,in_person,1,0,0
564,Participant 565,in_person,1,0,0
565,Participant 566,in_person,1,0,0
566,Participant 567,in_person,1,0,0
567,Participant 568,in_person,1,0,0
568,Participant 569,in_person,1,0,0
569,Participant 570,in_person,1,0,0
570,Participant 571,in_person,1,0,0
571,Participant 572,in_person,1,0,0
572,Participant 573,in_person,1,0,0
573,Participant 574,in_person,0,1,0
574,Participant 575,in_person,1,0,0
575,Participant 576,in_person,0,1,0
576,Participant 577,in_person,1,0,0
577,Participant 578,in_person,0,0,0
578,Participant 579,in_person,1,0,0
579,Participant 580,in_person,1,0,0
580,Participant 581,in_person,1,0,0
581,Participant 582,in_person,1,0,0
582,Participant 583,in_person,1,0,0
583,Participant 584,in_person,1,0,0
584,Participant 585,in_person,0,1,0
585,Participant 586,in_person,1,0,0
586,Participant 587,in_person,0,1,0
587,Participant 588,in_person,1,0,0
588,Participant 589,in_person,0,1,0
589,Participant 590,in_person,1,0,0
590,Participant 591,in_person,1,0,0
591,Participant 592,in_person,1,0,0
592,Participant 593,in_person,0,1,0
593,Participant 594,in_person,1,0,0
594,Participant 595,in_person,1,0,0
595,Participant 596,in_person,1,0,0
596,Participant 597,in_person,0,1,0
597,Participant 598,in_person,0,1,0
598,Participant 599,in_person,1,0,0
599,Participant 600,in_person,1,0,0
600,Participant 601,in_person,1,0,0
601,Participant 602,in_person,1,0,0
602,Participant 603,in_person,1,0,0
603,Participant 604,in_person,1,0,0
604,Participant 605,in_person,1,0,0
605,Participant 606,in_person,0,1,0
606,Participant 607,in_person,1,0,0
607,Participant 608,in_person,1,0,0
608,Participant 609,in_person,0,1,0
609,Participant 610,in_person,1,0,0
610,Participant 611,in_person,1,0,0
611,Participant 612,in_person,1,0,0
612,Participant 613,in_person,0,1,0
613,Participant 614,in_person,0,1,0
614,Participant 1,online,1,0,0
615,Participant 2,online,1,0,0
616,Participant 3,online,1,0,0
617,Participant 4,online,0,1,0
618,Participant 5,online,1,0,0
619,Participant 6,online,1,0,0
620,Participant 7,online,1,0,0
621,Participant 8,online,0,1,0
622,Participant 9,online,1,0,0
623,Participant 10,online,1,0,0
624,Participant 11,online,1,0,0
625,Participant 12,online,1,0,0
626,Participant 13,online,1,0,0
627,Participant 14,online,0,1,0
628,Participant 15,online,0,1,0
629,Participant 16,online,0,1,0
630,Participant 17,online,1,0,0
631,Participant 18,online,1,0,0
632,Participant 19,online,0,1,0
633,Participant 20,online,1,0,0
634,Participant 21,online,0,1,0
635,Participant 22,online,1,0,0
636,Participant 23,online,1,0,0
637,Participant 24,online,1,0,0
638,Participant 25,online,1,0,0
639,Participant 26,online,0,1,0
640,Participant 27,online,0,1,0
641,Participant 28,online,1,0,0
642,Participant 29,online,0,1,0
643,Participant 30,online,1,0,0
644,Participant 31,online,1,0,0
645,Participant 32,online,1,0,0
646,Participant 33,online,1,0,0
647,Participant 34,online,1,0,0
648,Participant 35,online,1,0,0
649,Participant 36,online,0,1,0
650,Participant 37,online,1,0,0
651,Participant 38,online,1,0,0
652,Participant 39,online,1,0,0
653,Participant 40,online,1,0,0
654,Participant 41,online,1,0,0
655,Participant 42,online,0,1,0
656,Participant 43,online,1,0,0
657,Participant 44,online,0,1,0
658,Participant 45,online,1,0,0
659,Participant 46,online,1,0,0
660,Participant 47,online,1,0,0
661,Participant 48,online,1,0,0
662,Participant 49,online,1,0,0
663,Participant 50,online,1,0,0
664,Participant 51,online,0,1,0
665,Participant 52,online,0,1,0
666,Participant 53,online,1,0,0
667,Participant 54,online,1,0,0
668,Participant 55,online,1,0,0
669,Participant 56,online,1,0,0
670,Participant 57,online,1,0,0
671,Participant 58,online,1,0,0
672,Participant 59,online,1,0,0
673,Participant 60,online,0,1,0
674,Participant 61,online,1,0,0
675,Participant 62,online,1,0,0
676,Participant 63,online,1,0,0
677,Participant 64,online,1,0,0
678,Participant 65,online,1,0,0
679,Participant 66,online,1,0,0
680,Participant 67,online,1,0,0
681,Participant 68,online,0,1,0
682,Participant 69,online,1,0,0
683,Participant 70,online,1,0,0
684,Participant 71,online,1,0,0
685,Participant 72,online,1,0,0
686,Participant 73,online,1,0,0
687,Participant 74,online,0,1,0
688,Participant 75,online,1,0,0
689,Participant 76,online,0,1,0
690,Participant 77,online,0,1,0
691,Participant 78,online,1,0,0
692,Participant 79,online,1,0,0
693,Participant 80,online,1,0,0
694,Participant 81,online,1,0,0
695,Participant 82,online,1,0,0
696,Participant 83,online,0,1,0
697,Participant 84,online,0,0,1
698,Participant 85,online,1,0,0
699,Participant 86,online,1,0,0
700,Participant 87,online,0,1,0
701,Participant 88,online,1,0,0
702,Participant 89,online,1,0,0
703,Participant 90,online,0,1,0
704,Participant 91,online,0,1,0
705,Participant 92,online,0,0,0
706,Participant 93,online,1,0,0
707,Participant 94,online,1,0,0
708,Participant 95,online,0,1,0
709,Participant 96,online,1,0,0
710,Participant 97,online,1,0,0
711,Participant 98,online,1,0,0
712,Participant 99,online,1,0,0
713,Participant 100,online,1,0,0
714,Participant 101,online,0,1,0
715,Participant 102,online,1,0,0
716,Participant 103,online,1,0,0
717,Participant 104,online,1,0,0
718,Participant 105,online,1,0,0
719,Participant 106,online,0,1,0
720,Participant 107,online,1,0,0
721,Participant 108,online,1,0,0
722,Participant 109,online,1,0,0
723,Participant 110,online,1,0,0
724,Participant 111,online,1,0,0
725,Participant 112,online,1,0,0
726,Participant 113,online,1,0,0
727,Participant 114,online,1,0,0
728,Participant 115,online,1,0,0
729,Participant 116,online,0,1,0
730,Participant 117,online,1,0,0
731,Participant 118,online,0,0,0
732,Participant 119,online,1,0,0
733,Participant 120,online,1,0,0
734,Participant 121,online,0,1,0
735,Participant 122,online,0,1,0
736,Participant 123,online,0,1,0
737,Participant 124,online,1,0,0
738,Participant 125,online,0,1,0
739,Participant 126,online,1,0,0
740,Participant 127,online,1,0,0
741,Participant 128,online,1,0,0
742,Participant 129,online,1,0,0
743,Participant 130,online,1,0,0
744,Participant 131,online,1,0,0
745,Participant 132,online,1,0,0
746,Participant 133,online,1,0,0
747,Participant 134,online,0,1,0
748,Participant 135,online,1,0,0
749,Participant 136,online,1,0,0
750,Participant 137,online,1,0,0
751,Participant 138,online,0,1,0
752,Participant 139,online,0,1,0
753,Participant 140,online,0,1,0
754,Participant 141,online,0,1,0
755,Participant 142,online,1,0,0
756,Participant 143,online,1,0,0
757,Participant 144,online,0,0,0
758,Participant 145,online,0,1,0
759,Participant 146,online,1,0,0
760,Participant 147,online,1,0,0
761,Participant 148,online,0,1,0
762,Participant 149,online,0,1,0
763,Participant 150,online,1,0,0
764,Participant 151,online,1,0,0
765,Participant 152,online,1,0,0
766,Participant 153,online,0,1,0
767,Participant 154,online,1,0,0
768,Participant 155,online,1,0,0
769,Participant 156,online,1,0,0
770,Participant 157,online,0,1,0
771,Participant 158,online,0,1,0
772,Participant 159,online,1,0,0
773,Participant 160,online,1,0,0
774,Participant 161,online,1,0,0
775,Participant 162,online,1,0,0
776,Participant 163,online,1,0,0
777,Participant 164,online,1,0,0
778,Participant 165,online,0,1,0
779,Participant 166,online,1,0,0
780,Participant 167,online,1,0,0
781,Participant 168,online,1,0,0
782,Participant 169,online,1,0,0
783,Participant 170,online,0,1,0
784,Participant 171,online,1,0,0
785,Participant 172,online,1,0,0
786,Participant 173,online,1,0,0
787,Participant 174,online,1,0,0
788,Participant 175,online,1,0,0
789,Participant 176,online,0,1,0
790,Participant 177,online,1,0,0
791,Participant 178,online,0,1,0
792,Participant 179,online,1,0,0
793,Participant 180,online,1,0,0
794,Participant 181,online,0,1,0
795,Participant 182,online,0,1,0
796,Participant 183,online,0,1,0
797,Participant 184,online,1,0,0
798,Participant 185,online,0,1,0
799,Participant 186,online,1,0,0
800,Participant 187,online,0,1,0
801,Participant 188,online,1,0,0
802,Participant 189,online,1,0,0
803,Participant 190,online,0,1,0
804,Participant 191,online,0,1,0
805,Participant 192,online,1,0,0
806,Participant 193,online,1,0,0
807,Participant 194,online,0,1,0
808,Participant 195,online,0,1,0
809,Participant 196,online,0,1,0
810,Participant 197,online,1,0,0
811,Participant 198,online,0,1,0
812,Participant 199,online,0,1,0
813,Participant 200,online,1,0,0
814,Participant 201,online,1,0,0
815,Participant 202,online,1,0,0
816,Participant 203,online,0,1,0
817,Participant 204,online,0,1,0
818,Participant 205,online,1,0,0
819,Participant 206,online,1,0,0
820,Participant 207,online,1,0,0
821,Participant 208,online,1,0,0
822,Participant 209,online,1,0,0
823,Participant 210,online,1,0,0
824,Participant 211,online,0,0,0
825,Participant 212,online,0,1,0
826,Participant 213,online,0,1,0
827,Participant 214,online,0,1,0
828,Participant 215,online,1,0,0
829,Participant 216,online,1,0,0
830,Participant 217,online,1,0,0
831,Participant 218,online,0,1,0
832,Participant 219,online,0,1,0
833,Participant 220,online,1,0,0
834,Participant 221,online,1,0,0
835,Participant 222,online,1,0,0
836,Participant 223,online,1,0,0
837,Participant 224,online,1,0,0
838,Participant 225,online,1,0,0
839,Participant 226,online,1,0,0
840,Participant 227,online,1,0,0
841,Participant 228,online,1,0,0
842,Participant 229,online,0,1,0
843,Participant 230,online,0,1,0
844,Participant 231,online,1,0,0
845,Participant 232,online,1,0,0
846,Participant 233,online,0,1,0
847,Participant 234,online,1,0,0
848,Participant 235,online,1,0,0
849,Participant 236,online,1,0,0
850,Participant 237,online,0,1,0
851,Participant 238,online,0,1,0
852,Participant 239,online,0,1,0
853,Participant 240,online,1,0,0
854,Participant 241,online,1,0,0
855,Participant 242,online,0,1,0
856,Participant 243,online,1,0,0
857,Participant 244,online,0,1,0
858,Participant 245,online,0,1,0
859,Participant 246,online,0,0,0
860,Participant 247,online,1,0,0
861,Participant 248,online,1,0,0
862,Participant 249,online,1,0,0
863,Participant 250,online,0,1,0
864,Participant 251,online,0,1,0
865,Participant 252,online,1,0,0
866,Participant 253,online,1,0,0
867,Participant 254,online,1,0,0
868,Participant 255,online,1,0,0
869,Participant 256,online,1,0,0
870,Participant 257,online,0,1,0
871,Participant 258,online,1,0,0
872,Participant 259,online,1,0,0
873,Participant 260,online,1,0,0
874,Participant 261,online,1,0,0
875,Participant 262,online,1,0,0
876,Participant 263,online,0,1,0
877,Participant 264,online,0,1,0
878,Participant 265,online,0,1,0
879,Participant 266,online,1,0,0
880,Participant 267,online,1,0,0
881,Participant 268,online,1,0,0
882,Participant 269,online,1,0,0
883,Participant 270,online,1,0,0
884,Participant 271,online,1,0,0
885,Participant 272,online,1,0,0
886,Participant 273,online,0,1,0
887,Participant 274,online,0,1,0
888,Participant 275,online,0,1,0
889,Participant 276,online,1,0,0
890,Participant 277,online,0,1,0
891,Participant 278,online,1,0,0
892,Participant 279,online,0,1,0
893,Participant 280,online,1,0,0
894,Participant 281,online,1,0,0
895,Participant 282,online,0,0,1
896,Participant 283,online,1,0,0
897,Participant 284,online,0,1,0
898,Participant 285,online,0,1,0
899,Participant 286,online,0,1,0
900,Participant 287,online,1,0,0
901,Participant 288,online,1,0,0
902,Participant 289,online,1,0,0
903,Participant 290,online,1,0,0
904,Participant 291,online,1,0,0
905,Participant 292,online,1,0,0
906,Participant 293,online,1,0,0
907,Participant 294,online,1,0,0
908,Participant 295,online,1,0,0
909,Participant 296,online,0,1,0
910,Participant 297,online,0,1,0
911,Participant 298,online,1,0,0
912,Participant 299,online,0,1,0
913,Participant 300,online,1,0,0
914,Participant 301,online,1,0,0
915,Participant 302,online,1,0,0
916,Participant 303,online,1,0,0
917,Participant 304,online,1,0,0
918,Participant 305,online,0,1,0
919,Participant 306,online,1,0,0
920,Participant 307,online,1,0,0
921,Participant 308,online,1,0,0
922,Participant 309,online,0,1,0
923,Participant 310,online,1,0,0
924,Participant 311,online,1,0,0
925,Participant 312,online,0,1,0
926,Participant 313,online,0,1,0
927,Participant 314,online,1,0,0
928,Participant 315,online,1,0,0
929,Participant 316,online,0,1,0
930,Participant 317,online,0,1,0
931,Participant 318,online,1,0,0
932,Participant 319,online,1,0,0
933,Participant 320,online,1,0,0
934,Participant 321,online,1,0,0
935,Participant 322,online,1,0,0
936,Participant 323,online,1,0,0
937,Participant 324,online,1,0,0
938,Participant 325,online,1,0,0
939,Participant 326,online,1,0,0
940,Participant 327,online,1,0,0
941,Participant 328,online,1,0,0
942,Participant 329,online,1,0,0
943,Participant 330,online,1,0,0
944,Participant 331,online,0,1,0
945,Participant 332,online,1,0,0
946,Participant 333,online,1,0,0
947,Participant 334,online,1,0,0
948,Participant 335,online,1,0,0
949,Participant 336,online,0,1,0
950,Participant 337,online,1,0,0
951,Participant 338,online,1,0,0
952,Participant 339,online,1,0,0
953,Participant 340,online,0,1,0
954,Participant 341,online,1,0,0
955,Participant 342,online,1,0,0
956,Participant 343,online,1,0,0
957,Participant 344,online,1,0,0
958,Participant 345,online,0,1,0
959,Participant 346,online,1,0,0
960,Participant 347,online,0,0,0
961,Participant 348,online,1,0,0
962,Participant 349,online,0,1,0
963,Participant 350,online,1,0,0
964,Participant 351,online,1,0,0
965,Participant 352,online,0,1,0
966,Participant 353,online,1,0,0
967,Participant 354,online,1,0,0
968,Participant 355,online,1,0,0
969,Participant 356,online,1,0,0
970,Participant 357,online,1,0,0
971,Participant 358,online,1,0,0
972,Participant 359,online,1,0,0
973,Participant 360,online,0,1,0
974,Participant 361,online,1,0,0
975,Participant 362,online,1,0,0
976,Participant 363,online,0,1,0
977,Participant 364,online,1,0,0
978,Participant 365,online,1,0,0
979,Participant 366,online,1,0,0
980,Participant 367,online,1,0,0
981,Participant 368,online,1,0,0
982,Participant 369,online,1,0,0
983,Participant 370,online,1,0,0
984,Participant 371,online,0,1,0
985,Participant 372,online,1,0,0
986,Participant 373,online,1,0,0
987,Participant 374,online,1,0,0
988,Participant 375,online,0,1,0
989,Participant 376,online,1,0,0
990,Participant 377,online,1,0,0
991,Participant 378,online,1,0,0
992,Participant 379,online,0,1,0
993,Participant 380,online,0,1,0
994,Participant 381,online,1,0,0
995,Participant 382,online,0,1,0
996,Participant 383,online,0,1,0
997,Participant 384,online,1,0,0
998,Participant 385,online,0,1,0
999,Participant 386,online,0,1,0
1000,Participant 387,online,0,1,0
1001,Participant 388,online,1,0,0
1002,Participant 389,online,1,0,0
1003,Participant 390,online,1,0,0
1004,Participant 391,online,1,0,0
1005,Participant 392,online,1,0,0
1006,Participant 393,online,1,0,0
1007,Participant 394,online,0,1,0
1008,Participant 395,online,1,0,0
1009,Participant 396,online,1,0,0
1010,Participant 397,online,1,0,0
1011,Participant 398,online,1,0,0
1012,Participant 399,online,1,0,0
1013,Participant 400,online,0,1,0
1014,Participant 401,online,1,0,0
1015,Participant 402,online,1,0,0
1016,Participant 403,online,1,0,0
1017,Participant 404,online,1,0,0
1018,Participant 405,online,0,1,0
1019,Participant 406,online,0,1,0
1020,Participant 407,online,1,0,0
1021,Participant 408,online,1,0,0
1022,Participant 409,online,1,0,0
1023,Participant 410,online,0,1,0
1024,Participant 411,online,0,1,0
1025,Participant 412,online,1,0,0
1026,Participant 413,online,0,1,0
1027,Participant 414,online,0,1,0
1028,Participant 415,online,1,0,0
1029,Participant 416,online,0,1,0
1030,Participant 417,online,1,0,0
1031,Participant 418,online,0,1,0
1032,Participant 419,online,0,1,0
1033,Participant 420,online,1,0,0
1034,Participant 421,online,1,0,0
1035,Participant 422,online,1,0,0
1036,Participant 423,online,1,0,0
1037,Participant 424,online,1,0,0
1038,Participant 425,online,1,0,0
1039,Participant 426,online,0,1,0
1040,Participant 427,online,1,0,0
1041,Participant 428,online,1,0,0
1042,Participant 429,online,0,0,0
1043,Participant 430,online,0,1,0
1044,Participant 431,online,0,1,0
1045,Participant 432,online,1,0,0
1046,Participant 433,online,0,1,0
1047,Participant 434,online,0,1,0
1048,Participant 435,online,1,0,0
1049,Participant 436,online,1,0,0
1050,Participant 437,online,0,1,0
1051,Participant 438,online,1,0,0
1052,Participant 439,online,0,1,0
1053,Participant 440,online,1,0,0
1054,Participant 441,online,1,0,0
1055,Participant 442,online,1,0,0
1056,Participant 443,online,1,0,0
1057,Participant 444,online,1,0,0
1058,Participant 445,online,0,1,0
1059,Participant 446,online,1,0,0
1060,Participant 447,online,1,0,0
1061,Participant 448,online,0,0,1
1062,Participant 449,online,1,0,0
1063,Participant 450,online,1,0,0
1064,Participant 451,online,1,0,0
1065,Participant 452,online,1,0,0
1066,Participant 453,online,0,1,0
1067,Participant 454,online,0,1,0
1068,Participant 455,online,1,0,0
1069,Participant 456,online,0,1,0
1070,Participant 457,online,1,0,0
1071,Participant 458,online,0,1,0
1072,Participant 459,online,1,0,0
1073,Participant 460,online,1,0,0
1074,Participant 461,online,1,0,0
1075,Participant 462,online,0,1,0
1076,Participant 463,online,1,0,0
1077,Participant 464,online,0,1,0
1078,Participant 465,online,1,0,0
1079,Participant 466,online,0,1,0
1080,Participant 467,online,1,0,0
1081,Participant 468,online,1,0,0
1082,Participant 469,online,1,0,0
1083,Participant 470,online,1,0,0
1084,Participant 471,online,0,1,0
1085,Participant 472,online,0,1,0
1086,Participant 473,online,1,0,0
1087,Participant 474,online,1,0,0
1088,Participant 475,online,1,0,0
1089,Participant 476,online,0,1,0
1090,Participant 477,online,1,0,0
1091,Participant 478,online,1,0,0
1092,Participant 479,online,1,0,0
1093,Participant 480,online,1,0,0
1094,Participant 481,online,1,0,0
1095,Participant 482,online,1,0,0
1096,Participant 483,online,1,0,0
1097,Participant 484,online,1,0,0
1098,Participant 485,online,1,0,0
1099,Participant 486,online,0,1,0
1100,Participant 487,online,1,0,0
1101,Participant 488,online,0,1,0
1102,Participant 489,online,1,0,0
1103,Participant 490,online,1,0,0
1104,Participant 491,online,1,0,0
1105,Participant 492,online,1,0,0
1106,Participant 493,online,1,0,0
1107,Participant 494,online,1,0,0
1108,Participant 495,online,0,0,0
1109,Participant 496,online,1,0,0
1110,Participant 497,online,0,1,0
1111,Participant 498,online,1,0,0
1112,Participant 499,online,0,1,0
1113,Participant 500,online,1,0,0
1114,Participant 501,online,1,0,0
1115,Participant 502,online,1,0,0
1116,Participant 503,online,1,0,0
1117,Participant 504,online,1,0,0
1118,Participant 505,online,0,1,0
1119,Participant 506,online,0,1,0
1120,Participant 507,online,0,1,0
1121,Participant 508,online,1,0,0
1122,Participant 509,online,0,1,0
1123,Participant 510,online,1,0,0
1124,Participant 511,online,1,0,0
1125,Participant 512,online,0,1,0
1126,Participant 513,online,1,0,0
1127,Participant 514,online,1,0,0
1128,Participant 515,online,1,0,0
1129,Participant 516,online,1,0,0
1130,Participant 517,online,1,0,0
1131,Participant 518,online,1,0,0
1132,Participant 519,online,1,0,0
1133,Participant 520,online,1,0,0
1134,Participant 521,online,0,1,0
1135,Participant 522,online,1,0,0
1136,Participant 523,online,1,0,0
1137,Participant 524,online,1,0,0
1138,Participant 525,online,0,1,0
1139,Participant 526,online,1,0,0
1140,Participant 527,online,1,0,0
1141,Participant 528,online,1,0,0
1142,Participant 529,online,1,0,0
1143,Participant 530,online,0,1,0
1144,Participant 531,online,0,1,0
1145,Participant 532,online,0,1,0
1146,Participant 533,online,1,0,0
1147,Participant 534,online,1,0,0
1148,Participant 535,online,0,1,0
1149,Participant 536,online,1,0,0
1150,Participant 537,online,1,0,0
1151,Participant 538,online,0,1,0
1152,Participant 539,online,0,1,0
1153,Participant 540,online,1,0,0
1154,Participant 541,online,1,0,0
1155,Participant 542,online,1,0,0
1156,Participant 543,online,0,1,0
1157,Participant 544,online,1,0,0
1158,Participant 545,online,1,0,0
1159,Participant 546,online,1,0,0
1160,Participant 547,online,1,0,0
1161,Participant 548,online,1,0,0
1162,Participant 549,online,1,0,0
1163,Participant 550,online,1,0,0
1164,Participant 551,online,1,0,0
1165,Participant 552,online,1,0,0
1166,Participant 553,online,1,0,0
1167,Participant 554,online,0,1,0
1168,Participant 555,online,1,0,0
1169,Participant 556,online,1,0,0
1170,Participant 557,online,0,1,0
1171,Participant 558,online,1,0,0
1172,Participant 559,online,1,0,0
1173,Participant 560,online,0,1,0
1174,Participant 561,online,0,0,0
1175,Participant 562,online,1,0,0
1176,Participant 563,online,0,1,0
1177,Participant 564,online,0,1,0
1178,Participant 565,online,1,0,0
1179,Participant 566,online,1,0,0
1180,Participant 567,online,1,0,0
1181,Participant 568,online,1,0,0
1182,Participant 569,online,1,0,0
1183,Participant 570,online,0,1,0
1184,Participant 571,online,1,0,0
1185,Participant 572,online,1,0,0
1186,Participant 573,online,1,0,0
1187,Participant 574,online,1,0,0
1188,Participant 575,online,0,1,0
1189,Participant 576,online,1,0,0
1190,Participant 577,online,1,0,0
1191,Participant 578,online,1,0,0
1192,Participant 579,online,1,0,0
1193,Participant 580,online,1,0,0
1194,Participant 581,online,1,0,0
1195,Participant 582,online,1,0,0
1196,Participant 583,online,1,0,0
1197,Participant 584,online,1,0,0
1198,Participant 585,online,0,1,0
1199,Participant 586,online,1,0,0
1200,Participant 587,online,0,1,0
1201,Participant 588,online,1,0,0
1202,Participant 589,online,0,1,0
1203,Participant 590,online,1,0,0
1204,Participant 591,online,0,1,0
1205,Participant 592,online,1,0,0
1206,Participant 593,online,0,1,0
1207,Participant 594,online,0,1,0
1208,Participant 595,online,1,0,0
1209,Participant 596,online,0,1,0
1210,Participant 597,online,1,0,0
1211,Participant 598,online,1,0,0
1212,Participant 599,online,1,0,0
1213,Participant 600,online,0,1,0
1214,Participant 601,online,0,1,0
1215,Participant 602,online,1,0,0
1216,Participant 603,online,0,1,0
1217,Participant 604,online,0,1,0
1218,Participant 605,online,1,0,0
1219,Participant 606,online,1,0,0
1220,Participant 607,online,1,0,0
1221,Participant 608,online,1,0,0
1222,Participant 609,online,1,0,0
1223,Participant 610,online,0,1,0
1224,Participant 611,online,1,0,0
1225,Participant 612,online,1,0,0
1226,Participant 613,online,0,1,0
1227,Participant 614,online,1,0,0
1228,Participant 615,online,0,1,0
1229,Participant 616,online,1,0,0
1230,Participant 617,online,0,1,0
1231,Participant 618,online,1,0,0
1232,Participant 619,online,0,1,0
1233,Participant 620,online,0,1,0
1234,Participant 621,online,1,0,0
1235,Participant 622,online,1,0,0
1236,Participant 623,online,1,0,0
1237,Participant 624,online,1,0,0
1238,Participant 625,online,1,0,0
1239,Participant 626,online,1,0,0
1240,Participant 627,online,1,0,0
1241,Participant 628,online,1,0,0
1242,Participant 629,online,1,0,0
1243,Participant 630,online,0,1,0
1244,Participant 631,online,0,1,0
1245,Participant 632,online,1,0,0
1246,Participant 633,online,0,1,0
1247,Participant 634,online,1,0,0
1248,Participant 635,online,0,1,0
1249,Participant 636,online,0,1,0
1250,Participant 637,online,0,0,1
1251,Participant 638,online,1,0,0
1252,Participant 639,online,1,0,0
1253,Participant 640,online,0,1,0
1254,Participant 641,online,1,0,0
1255,Participant 642,online,0,1,0
1256,Participant 643,online,1,0,0
1257,Participant 644,online,0,1,0
1258,Participant 645,online,0,1,0
1259,Participant 646,online,0,1,0
1260,Participant 647,online,0,1,0
1261,Participant 648,online,0,1,0
1262,Participant 649,online,1,0,0
1263,Participant 650,online,1,0,0
1264,Participant 651,online,1,0,0
1265,Participant 652,online,0,1,0
1266,Participant 653,online,0,1,0
1267,Participant 654,online,1,0,0
1268,Participant 655,online,0,1,0
1269,Participant 656,online,1,0,0
1270,Participant 657,online,1,0,0
1271,Participant 658,online,1,0,0
1272,Participant 659,online,0,1,0
1273,Participant 660,online,1,0,0
1274,Participant 661,online,0,1,0
1275,Participant 662,online,1,0,0
1276,Participant 663,online,1,0,0
1277,Participant 664,online,1,0,0
1278,Participant 665,online,1,0,0
1279,Participant 666,online,0,1,0
1280,Participant 667,online,0,1,0
1281,Participant 668,online,1,0,0
1282,Participant 669,online,1,0,0
1283,Participant 670,online,1,0,0
1284,Participant 671,online,1,0,0
1285,Participant 672,online,1,0,0
1286,Participant 673,online,0,1,0
1287,Participant 674,online,1,0,0
1288,Participant 675,online,1,0,0
1289,Participant 676,online,1,0,0
1290,Participant 677,online,0,1,0
1291,Participant 678,online,0,1,0
1292,Participant 679,online,1,0,0
1293,Participant 680,online,0,1,0
1294,Participant 681,online,0,1,0
1295,Participant 682,online,1,0,0
1296,Participant 683,online,0,1,0
1297,Participant 684,online,0,1,0
1298,Participant 685,online,0,1,0
1299,Participant 686,online,1,0,0
1300,Participant 687,online,0,1,0
1301,Participant 688,online,1,0,0
1302,Participant 689,online,1,0,0
1303,Participant 690,online,1,0,0
1304,Participant 691,online,1,0,0
1305,Participant 692,online,1,0,0
1306,Participant 693,online,1,0,0
1307,Participant 694,online,1,0,0
1308,Participant 695,online,1,0,0
1309,Participant 696,online,1,0,0
1310,Participant 697,online,1,0,0
1311,Participant 698,online,1,0,0
1312,Participant 699,online,0,1,0
1313,Participant 700,online,0,1,0
1314,Participant 701,online,1,0,0
1315,Participant 702,online,1,0,0
1316,Participant 703,online,1,0,0
1317,Participant 704,online,1,0,0
1318,Participant 705,online,0,1,0
1319,Participant 706,online,0,1,0
1320,Participant 707,online,1,0,0
1321,Participant 708,online,1,0,0
1322,Participant 709,online,1,0,0
1323,Participant 710,online,1,0,0
1324,Participant 711,online,1,0,0
1325,Participant 712,online,1,0,0
1326,Participant 713,online,0,1,0
1327,Participant 714,online,0,1,0
1328,Participant 715,online,0,1,0
1329,Participant 716,online,1,0,0
1330,Participant 717,online,1,0,0
1331,Participant 718,online,1,0,0
1332,Participant 719,online,1,0,0
1333,Participant 720,online,1,0,0
1334,Participant 721,online,1,0,0
1335,Participant 722,online,1,0,0
1336,Participant 723,online,1,0,0
1337,Participant 724,online,1,0,0
1338,Participant 725,online,1,0,0
1339,Participant 726,online,1,0,0
1340,Participant 727,online,0,1,0
1341,Participant 728,online,1,0,0
1342,Participant 729,online,1,0,0
1343,Participant 730,online,1,0,0
1344,Participant 731,online,1,0,0
1345,Participant 732,online,1,0,0
1346,Participant 733,online,0,1,0
1347,Participant 734,online,0,0,0
1348,Participant 735,online,1,0,0
1349,Participant 736,online,0,1,0
1350,Participant 737,online,1,0,0
1351,Participant 738,online,1,0,0
1352,Participant 739,online,0,1,0
1353,Participant 740,online,1,0,0
1354,Participant 741,online,1,0,0
1355,Participant 742,online,0,1,0
1356,Participant 743,online,1,0,0
1357,Participant 744,online,1,0,0
1358,Participant 745,online,1,0,0
1359,Participant 746,online,1,0,0
1360,Participant 747,online,0,1,0
1361,Participant 748,online,0,1,0
1362,Participant 749,online,1,0,0
1363,Participant 750,online,1,0,0
1364,Participant 751,online,0,1,0
1365,Participant 752,online,1,0,0
1366,Participant 753,online,1,0,0
1367,Participant 754,online,0,1,0
1368,Participant 755,online,1,0,0
1369,Participant 756,online,1,0,0
1370,Participant 757,online,1,0,0
1371,Participant 758,online,1,0,0
1372,Participant 759,online,1,0,0
1373,Participant 760,online,1,0,0
1374,Participant 761,online,1,0,0
1375,Participant 762,online,0,1,0
1376,Participant 763,online,1,0,0
1377,Participant 764,online,1,0,0
1378,Participant 765,online,1,0,0
1379,Participant 766,online,1,0,0
1380,Participant 767,online,0,1,0
1381,Participant 768,online,1,0,0
1382,Participant 769,online,1,0,0
1383,Participant 770,online,1,0,0
1384,Participant 771,online,0,0,1
1385,Participant 772,online,1,0,0
1386,Participant 773,online,1,0,0
1387,Participant 774,online,0,1,0
1388,Participant 775,online,1,0,0
1389,Participant 776,online,0,1,0
1390,Participant 777,online,1,0,0
1391,Participant 778,online,0,1,0
1392,Participant 779,online,0,1,0
1393,Participant 780,online,0,1,0
1394,Participant 781,online,0,1,0
1395,Participant 782,online,1,0,0
1396,Participant 783,online,1,0,0
1397,Participant 784,online,0,1,0
1398,Participant 785,online,1,0,0
1399,Participant 786,online,0,0,0
1400,Participant 787,online,1,0,0
1401,Participant 788,online,1,0,0
1402,Participant 789,online,1,0,0
1403,Participant 790,online,1,0,0
1404,Participant 791,online,1,0,0
1405,Participant 792,online,1,0,0
1406,Participant 793,online,1,0,0
1407,Participant 794,online,1,0,0
1408,Participant 795,online,0,1,0
1409,Participant 796,online,0,1,0
1410,Participant 797,online,0,1,0
1411,Participant 798,online,1,0,0
1412,Participant 799,online,1,0,0
1413,Participant 800,online,0,1,0
1414,Participant 801,online,1,0,0
1415,Participant 802,online,1,0,0
1416,Participant 803,online,1,0,0
1417,Participant 804,online,0,1,0
1418,Participant 805,online,0,1,0
1419,Participant 806,online,0,1,0
1420,Participant 807,online,1,0,0
1421,Participant 808,online,1,0,0
1422,Participant 809,online,0,1,0
1423,Participant 810,online,1,0,0
1424,Participant 811,online,1,0,0
1425,Participant 812,online,1,0,0
1426,Participant 813,online,1,0,0
1427,Participant 814,online,1,0,0
1428,Participant 815,online,0,1,0
1429,Participant 816,online,0,1,0
1430,Participant 817,online,1,0,0
1431,Participant 818,online,1,0,0
1432,Participant 819,online,1,0,0
1433,Participant 820,online,1,0,0
1434,Participant 821,online,0,1,0
1435,Participant 822,online,1,0,0
1436,Participant 823,online,1,0,0
1437,Participant 824,online,0,1,0
1438,Participant 825,online,1,0,0
1439,Participant 826,online,1,0,0
1440,Participant 827,online,0,1,0
1441,Participant 828,online,0,1,0
1442,Participant 829,online,1,0,0
1443,Participant 830,online,1,0,0
1444,Participant 831,online,0,1,0
1445,Participant 832,online,1,0,0
1446,Participant 833,online,0,1,0
1447,Participant 834,online,1,0,0
1448,Participant 835,online,1,0,0
1449,Participant 836,online,1,0,0
1450,Participant 837,online,1,0,0
1451,Participant 838,online,1,0,0
1452,Participant 839,online,0,1,0
1453,Participant 840,online,1,0,0
1454,Participant 841,online,0,1,0
1455,Participant 842,online,1,0,0
1456,Participant 843,online,0,1,0
1457,Participant 844,online,0,1,0
1458,Participant 845,online,1,0,0
1459,Participant 846,online,0,1,0
1460,Participant 847,online,0,1,0
1461,Participant 848,online,1,0,0
1462,Participant 849,online,0,1,0
1463,Participant 850,online,1,0,0
1464,Participant 851,online,0,1,0
1465,Participant 852,online,0,0,0
1466,Participant 853,online,1,0,0
1467,Participant 854,online,1,0,0
1468,Participant 855,online,1,0,0
1469,Participant 856,online,0,1,0
1470,Participant 857,online,1,0,0
1471,Participant 858,online,1,0,0
1472,Participant 859,online,0,1,0
1473,Participant 860,online,0,1,0
1474,Participant 861,online,1,0,0
1475,Participant 862,online,1,0,0
1476,Participant 863,online,1,0,0
1477,Participant 864,online,0,1,0
1478,Participant 865,online,1,0,0
1479,Participant 866,online,0,1,0
1480,Participant 867,online,1,0,0
1481,Participant 868,online,1,0,0
1482,Participant 869,online,1,0,0
1483,Participant 870,online,0,1,0
1484,Participant 871,online,1,0,0
1485,Participant 872,online,1,0,0
1486,Participant 873,online,0,1,0
1487,Participant 874,online,1,0,0
1488,Participant 875,online,1,0,0
1489,Participant 876,online,1,0,0
1490,Participant 877,online,1,0,0
1491,Participant 878,online,1,0,0
1492,Participant 879,online,1,0,0
1493,Participant 880,online,0,1,0
1494,Participant 881,online,1,0,0
1495,Participant 882,online,1,0,0
1496,Participant 883,online,1,0,0
1497,Participant 884,online,1,0,0
1498,Participant 885,online,1,0,0
1499,Participant 886,online,1,0,0
1500,Participant 887,online,0,1,0
1501,Participant 888,online,1,0,0
1502,Participant 889,online,1,0,0
1503,Participant 890,online,1,0,0
1504,Participant 891,online,1,0,0
1505,Participant 892,online,1,0,0
1506,Participant 893,online,0,1,0
1507,Participant 894,online,0,1,0
1508,Participant 895,online,1,0,0
1509,Participant 896,online,1,0,0
1510,Participant 897,online,1,0,0
1511,Participant 898,online,1,0,0
1512,Participant 899,online,1,0,0
1513,Participant 900,online,1,0,0
1514,Participant 901,online,1,0,0
1515,Participant 902,online,0,1,0
1516,Participant 903,online,1,0,0
1517,Participant 904,online,1,0,0
1518,Participant 905,online,1,0,0
1519,Participant 906,online,1,0,0
1520,Participant 907,online,1,0,0
1521,Participant 908,online,1,0,0
1522,Participant 909,online,1,0,0
1523,Participant 910,online,1,0,0
1524,Participant 911,online,1,0,0
1525,Participant 912,online,0,1,0
1526,Participant 913,online,0,1,0
1527,Participant 914,online,1,0,0
1528,Participant 915,online,1,0,0
1529,Participant 916,online,0,1,0
1530,Participant 917,online,0,1,0
1531,Participant 918,online,1,0,0
1532,Participant 919,online,1,0,0
1533,Participant 920,online,0,1,0
1534,Participant 921,online,0,1,0
1535,Participant 922,online,1,0,0
1536,Participant 923,online,1,0,0
1537,Participant 924,online,0,1,0
1538,Participant 925,online,0,1,0
1539,Participant 926,online,0,1,0
1540,Participant 927,online,0,1,0
1541,Participant 928,online,1,0,0
1542,Participant 929,online,0,1,0
1543,Participant 930,online,1,0,0
1544,Participant 931,online,0,1,0
1545,Participant 932,online,1,0,0
1546,Participant 933,online,0,1,0
1547,Participant 934,online,1,0,0
1548,Participant 935,online,1,0,0
1549,Participant 936,online,1,0,0
1550,Participant 937,online,0,1,0
1551,Participant 938,online,0,1,0
1552,Participant 939,online,0,1,0
1553,Participant 940,online,1,0,0
1554,Participant 941,online,0,1,0
1555,Participant 942,online,1,0,0
1556,Participant 943,online,0,1,0
1557,Participant 944,online,0,1,0
1558,Participant 945,online,0,1,0
1559,Participant 946,online,1,0,0
1560,Participant 947,online,1,0,0
1561,Participant 948,online,1,0,0
1562,Participant 949,online,1,0,0
1563,Participant 950,online,1,0,0
1564,Participant 951,online,1,0,0
1565,Participant 952,online,1,0,0
1566,Participant 953,online,1,0,0
1567,Participant 954,online,1,0,0
1568,Participant 955,online,0,0,0
1569,Participant 956,online,1,0,0
1570,Participant 957,online,1,0,0
1571,Participant 958,online,1,0,0
1572,Participant 959,online,0,1,0
1573,Participant 960,online,1,0,0
1574,Participant 961,online,1,0,0
1575,Participant 962,online,1,0,0
1576,Participant 963,online,1,0,0
1577,Participant 964,online,0,1,0
1578,Participant 965,online,1,0,0
1579,Participant 966,online,1,0,0
1580,Participant 967,online,1,0,0
1581,Participant 968,online,0,1,0
1582,Participant 969,online,1,0,0
1583,Participant 970,online,0,1,0
1584,Participant 971,online,0,1,0
1585,Participant 972,online,1,0,0
1586,Participant 973,online,0,1,0
1587,Participant 974,online,0,1,0
1588,Participant 975,online,0,1,0
1589,Participant 976,online,0,1,0
1590,Participant 977,online,0,1,0
1591,Participant 978,online,1,0,0
1592,Participant 979,online,1,0,0
1593,Participant 980,online,1,0,0
1594,Participant 981,online,1,0,0
1595,Participant 982,online,1,0,0
1596,Participant 983,online,1,0,0
1597,Participant 984,online,1,0,0
1598,Participant 985,online,0,1,0
1599,Participant 986,online,0,1,0
1600,Participant 987,online,1,0,0
1601,Participant 988,online,1,0,0
1602,Participant 989,online,0,1,0
1603,Participant 990,online,0,1,0
1604,Participant 991,online,1,0,0
1605,Participant 992,online,1,0,0
1606,Participant 993,online,1,0,0
1607,Participant 994,online,0,1,0
1608,Participant 995,online,0,1,0
1609,Participant 996,online,1,0,0
1610,Participant 997,online,0,1,0
1611,Participant 998,online,1,0,0
1612,Participant 999,online,0,1,0
1613,Participant 1000,online,1,0,0
1614,Participant 1001,online,1,0,0
1615,Participant 1002,online,0,1,0
1616,Participant 1003,online,0,1,0
1617,Participant 1004,online,1,0,0
1618,Participant 1005,online,1,0,0
1619,Participant 1006,online,1,0,0
1620,Participant 1007,online,0,1,0
1621,Participant 1008,online,0,0,1
1622,Participant 1009,online,1,0,0
1623,Participant 1010,online,1,0,0
1624,Participant 1011,online,1,0,0
1625,Participant 1012,online,0,0,1
1626,Participant 1013,online,1,0,0
1627,Participant 1014,online,1,0,0
1628,Participant 1015,online,1,0,0
1629,Participant 1016,online,0,1,0
1630,Participant 1017,online,1,0,0
1631,Participant 1018,online,1,0,0
1632,Participant 1019,online,0,0,0
1633,Participant 1020,online,0,1,0
1634,Participant 1021,online,0,0,0
1635,Participant 1022,online,0,1,0
1636,Participant 1023,online,0,1,0
1637,Participant 1024,online,1,0,0
1638,Participant 1025,online,0,1,0
1639,Participant 1026,online,0,1,0
1640,Participant 1027,online,0,1,0
1641,Participant 1028,online,0,1,0
1642,Participant 1029,online,1,0,0
1643,Participant 1030,online,0,1,0
1644,Participant 1031,online,0,1,0
1645,Participant 1032,online,0,1,0
1646,Participant 1033,online,0,1,0
1647,Participant 1034,online,1,0,0
1648,Participant 1035,online,0,1,0
1649,Participant 1036,online,0,0,0
1650,Participant 1037,online,1,0,0
1651,Participant 1038,online,0,1,0
1652,Participant 1039,online,0,1,0
1653,Participant 1040,online,1,0,0
1654,Participant 1041,online,1,0,0
1655,Participant 1042,online,1,0,0
1656,Participant 1043,online,1,0,0
1657,Participant 1044,online,0,1,0
1658,Participant 1045,online,1,0,0
1659,Participant 1046,online,1,0,0
1660,Participant 1047,online,0,1,0
1661,Participant 1048,online,1,0,0
1662,Participant 1049,online,0,1,0
1663,Participant 1050,online,1,0,0
1664,Participant 1051,online,1,0,0
1665,Participant 1052,online,1,0,0
1666,Participant 1053,online,1,0,0
1667,Participant 1054,online,1,0,0
1668,Participant 1055,online,0,1,0
1669,Participant 1056,online,0,1,0
1670,Participant 1057,online,1,0,0
1671,Participant 1058,online,0,0,1
1672,Participant 1059,online,0,1,0
1673,Participant 1060,online,1,0,0
1674,Participant 1061,online,0,1,0
1675,Participant 1062,online,1,0,0
1676,Participant 1063,online,1,0,0
1677,Participant 1064,online,1,0,0
1678,Participant 1065,online,0,1,0
1679,Participant 1066,online,1,0,0
1680,Participant 1067,online,0,1,0
1681,Participant 1068,online,1,0,0
1682,Participant 1069,online,1,0,0
1683,Participant 1070,online,1,0,0
1684,Participant 1071,online,0,1,0
1685,Participant 1072,online,1,0,0
1686,Participant 1073,online,1,0,0
1687,Participant 1074,online,1,0,0
1688,Participant 1075,online,1,0,0
1689,Participant 1076,online,0,1,0
1690,Participant 1077,online,1,0,0
1691,Participant 1078,online,1,0,0
1692,Participant 1079,online,0,1,0
1693,Participant 1080,online,1,0,0
1694,Participant 1081,online,1,0,0
1695,Participant 1082,online,1,0,0
1696,Participant 1083,online,0,1,0
1697,Participant 1084,online,0,1,0
1698,Participant 1085,online,1,0,0
1699,Participant 1086,online,0,1,0
1700,Participant 1087,online,1,0,0
1701,Participant 1088,online,1,0,0
1702,Participant 1089,online,1,0,0
1703,Participant 1090,online,1,0,0
1704,Participant 1091,online,0,1,0
1705,Participant 1092,online,0,1,0
1706,Participant 1093,online,0,1,0
1707,Participant 1094,online,1,0,0
1708,Participant 1095,online,0,1,0
1709,Participant 1096,online,1,0,0
1710,Participant 1097,online,0,1,0
1711,Participant 1098,online,0,1,0
1712,Participant 1099,online,1,0,0
1713,Participant 1100,online,1,0,0
1714,Participant 1101,online,1,0,0
1715,Participant 1102,online,1,0,0
1716,Participant 1103,online,1,0,0
1717,Participant 1104,online,1,0,0
1718,Participant 1105,online,1,0,0
1719,Participant 1106,online,0,1,0
1720,Participant 1107,online,1,0,0
1721,Participant 1108,online,1,0,0
1722,Participant 1109,online,0,1,0
1723,Participant 1110,online,1,0,0
1724,Participant 1111,online,1,0,0
1725,Participant 1112,online,1,0,0
1726,Participant 1113,online,1,0,0
1727,Participant 1114,online,0,0,1
1728,Participant 1115,online,1,0,0
1729,Participant 1116,online,1,0,0
1730,Participant 1117,online,0,1,0
1731,Participant 1118,online,0,1,0
1732,Participant 1119,online,1,0,0
1733,Participant 1120,online,1,0,0
1734,Participant 1121,online,0,1,0
1735,Participant 1122,online,1,0,0
1736,Participant 1123,online,0,1,0
1737,Participant 1124,online,0,1,0
1738,Participant 1125,online,0,1,0
1739,Participant 1126,online,1,0,0
1740,Participant 1127,online,1,0,0
1741,Participant 1128,online,1,0,0
1742,Participant 1129,online,1,0,0
1743,Participant 1130,online,1,0,0
1744,Participant 1131,online,1,0,0
1745,Participant 1132,online,0,1,0
1746,Participant 1133,online,0,1,0
1747,Participant 1134,online,0,1,0
1748,Participant 1135,online,1,0,0
1749,Participant 1136,online,0,1,0
1750,Participant 1137,online,1,0,0
1751,Participant 1138,online,1,0,0
1752,Participant 1139,online,0,0,0
1753,Participant 1140,online,1,0,0
1754,Participant 1141,online,1,0,0
1755,Participant 1142,online,0,1,0
1756,Participant 1143,online,1,0,0
1757,Participant 1144,online,1,0,0
1758,Participant 1145,online,0,1,0
1759,Participant 1146,online,0,1,0
1760,Participant 1147,online,1,0,0
1761,Participant 1148,online,1,0,0
1762,Participant 1149,online,1,0,0
1763,Participant 1150,online,1,0,0
1764,Participant 1151,online,0,1,0
1765,Participant 1152,online,0,1,0
1766,Participant 1153,online,0,1,0
1767,Participant 1154,online,0,1,0
1768,Participant 1155,online,0,1,0
1769,Participant 1156,online,0,1,0
1770,Participant 1157,online,1,0,0
1771,Participant 1158,online,1,0,0
1772,Participant 1159,online,1,0,0
1773,Participant 1160,online,1,0,0
1774,Participant 1161,online,0,1,0
1775,Participant 1162,online,1,0,0
1776,Participant 1163,online,1,0,0
1777,Participant 1164,online,0,1,0
1778,Participant 1165,online,1,0,0
1779,Participant 1166,online,0,1,0
1780,Participant 1167,online,1,0,0
1781,Participant 1168,online,1,0,0
1782,Participant 1169,online,0,1,0
1783,Participant 1170,online,1,0,0
1784,Participant 1171,online,0,1,0
1785,Participant 1172,online,0,1,0
1786,Participant 1173,online,1,0,0
1787,Participant 1174,online,1,0,0
1788,Participant 1175,online,0,1,0
1789,Participant 1176,online,1,0,0
1790,Participant 1177,online,1,0,0
1791,Participant 1178,online,1,0,0
1792,Participant 1179,online,0,1,0
1793,Participant 1180,online,0,1,0
1794,Participant 1181,online,0,1,0
1795,Participant 1182,online,1,0,0
1796,Participant 1183,online,0,0,0
1797,Participant 1184,online,1,0,0
1798,Participant 1185,online,0,1,0
1799,Participant 1186,online,0,1,0
1800,Participant 1187,online,1,0,0
1801,Participant 1188,online,1,0,0
1802,Participant 1189,online,0,1,0
1803,Participant 1190,online,0,1,0
1804,Participant 1191,online,1,0,0
1805,Participant 1192,online,1,0,0
1806,Participant 1193,online,1,0,0
1807,Participant 1194,online,0,1,0
1808,Participant 1195,online,1,0,0
1809,Participant 1196,online,1,0,0
1810,Participant 1197,online,0,1,0
1811,Participant 1198,online,1,0,0
1812,Participant 1199,online,0,0,0
1813,Participant 1200,online,0,1,0
1814,Participant 1201,online,1,0,0
1815,Participant 1202,online,1,0,0
1816,Participant 1203,online,1,0,0
1817,Participant 1204,online,1,0,0
1818,Participant 1205,online,0,1,0
1819,Participant 1206,online,1,0,0
1820,Participant 1207,online,1,0,0
1821,Participant 1208,online,0,1,0
1822,Participant 1209,online,0,0,0
1823,Participant 1210,online,1,0,0
1824,Participant 1211,online,1,0,0
1825,Participant 1212,online,1,0,0
1826,Participant 1213,online,1,0,0
1827,Participant 1214,online,1,0,0
1828,Participant 1215,online,1,0,0
1829,Participant 1216,online,0,1,0
1830,Participant 1217,online,1,0,0
1831,Participant 1218,online,0,1,0
1832,Participant 1219,online,1,0,0
1833,Participant 1220,online,0,1,0
1834,Participant 1221,online,1,0,0
1835,Participant 1222,online,1,0,0
1836,Participant 1223,online,1,0,0
1837,Participant 1224,online,1,0,0
1838,Participant 1225,online,1,0,0
1839,Participant 1226,online,0,1,0
1840,Participant 1227,online,1,0,0
1841,Participant 1228,online,1,0,0
1842,Participant 1229,online,1,0,0
1843,Participant 1230,online,0,0,0
1844,Participant 1231,online,1,0,0
1845,Participant 1232,online,0,1,0
1846,Participant 1233,online,0,1,0
1847,Participant 1234,online,0,1,0
1848,Participant 1235,online,0,1,0
1849,Participant 1236,online,1,0,0
1850,Participant 1237,online,0,1,0
1851,Participant 1238,online,1,0,0
1852,Participant 1239,online,1,0,0
1853,Participant 1240,online,0,1,0
1854,Participant 1241,online,0,1,0
1855,Participant 1242,online,0,1,0
1856,Participant 1243,online,0,1,0
1857,Participant 1244,online,0,1,0
1858,Participant 1245,online,1,0,0
1859,Participant 1246,online,1,0,0
1860,Participant 1247,online,1,0,0
1861,Participant 1248,online,1,0,0
1862,Participant 1249,online,1,0,0
1863,Participant 1250,online,1,0,0
1864,Participant 1251,online,0,1,0
1865,Participant 1252,online,1,0,0
1866,Participant 1253,online,1,0,0
1867,Participant 1254,online,1,0,0
1868,Participant 1255,online,1,0,0
1869,Participant 1256,online,1,0,0
1870,Participant 1257,online,1,0,0
1871,Participant 1258,online,1,0,0
1872,Participant 1259,online,0,1,0
1873,Participant 1260,online,1,0,0
1874,Participant 1261,online,0,1,0
1875,Participant 1262,online,0,0,1
1876,Participant 1263,online,0,1,0
1877,Participant 1264,online,1,0,0
1878,Participant 1265,online,0,0,0
1879,Participant 1266,online,1,0,0
1880,Participant 1267,online,0,1,0
1881,Participant 1268,online,1,0,0
1882,Participant 1269,online,1,0,0
1883,Participant 1270,online,0,1,0
1884,Participant 1271,online,0,1,0
1885,Participant 1272,online,0,1,0
1886,Participant 1273,online,0,1,0
1887,Participant 1274,online,1,0,0
1888,Participant 1275,online,1,0,0
1889,Participant 1276,online,0,1,0
1890,Participant 1277,online,1,0,0
1891,Participant 1278,online,1,0,0
1892,Participant 1279,online,1,0,0
1893,Participant 1280,online,1,0,0
1894,Participant 1281,online,1,0,0
1895,Participant 1282,online,0,0,0
1896,Participant 1283,online,0,0,0
1897,Participant 1284,online,1,0,0
1898,Participant 1285,online,1,0,0
1899,Participant 1286,online,0,0,0
1900,Participant 1287,online,0,1,0
1901,Participant 1288,online,1,0,0
1902,Participant 1289,online,1,0,0
1903,Participant 1290,online,0,0,0
1904,Participant 1291,online,0,0,0
1905,Participant 1292,online,0,1,0
1906,Participant 1293,online,0,0,0
1907,Participant 1294,online,0,0,0
1908,Participant 1295,online,1,0,0
1909,Participant 1296,online,1,0,0
1910,Participant 1297,online,1,0,0
1911,Participant 1298,online,1,0,0
1912,Participant 1299,online,0,1,0
1913,Participant 1300,online,1,0,0
1914,Participant 1301,online,1,0,0
1915,Participant 1302,online,0,0,0
1916,Participant 1303,online,1,0,0
1917,Participant 1304,online,0,1,0
1918,Participant 1305,online,0,0,0
1919,Participant 1306,online,0,1,0
1920,Participant 1307,online,0,0,0
1921,Participant 1308,online,1,0,0
1922,Participant 1309,online,1,0,0
1923,Participant 1310,online,0,1,0
1924,Participant 1311,online,1,0,0
1925,Participant 1312,online,0,1,0
1926,Participant 1313,online,0,0,0
1927,Participant 1314,online,1,0,0
1928,Participant 1315,online,1,0,0
1929,Participant 1316,online,1,0,0
1930,Participant 1317,online,1,0,0
1931,Participant 1318,online,1,0,0
1932,Participant 1319,online,1,0,0
1933,Participant 1320,online,0,1,0
1934,Participant 1321,online,1,0,0
1935,Participant 1322,online,1,0,0
1936,Participant 1323,online,1,0,0
1937,Participant 1324,online,0,0,0
1938,Participant 1325,online,1,0,0
1939,Participant 1326,online,1,0,0
1940,Participant 1327,online,0,1,0
1941,Participant 1328,online,0,0,0
1942,Participant 1329,online,1,0,0
1943,Participant 1330,online,0,1,0
1944,Participant 1331,online,1,0,0
1945,Participant 1332,online,1,0,0
1946,Participant 1333,online,1,0,0
1947,Participant 1334,online,0,0,0
1948,Participant 1335,online,0,1,0
1949,Participant 1336,online,0,1,0
1950,Participant 1337,online,1,0,0
1951,Participant 1338,online,0,1,0
1952,Participant 1339,online,1,0,0
1953,Participant 1340,online,1,0,0
1954,Participant 1341,online,1,0,0
1955,Participant 1342,online,0,1,0
1956,Participant 1343,online,0,1,0
1957,Participant 1344,online,1,0,0
1958,Participant 1345,online,0,0,0
1959,Participant 1346,online,1,0,0
1960,Participant 1347,online,1,0,0
1961,Participant 1348,online,0,0,0
1962,Participant 1349,online,1,0,0
1963,Participant 1350,online,1,0,0
1964,Participant 1351,online,1,0,0
1965,Participant 1352,online,1,0,0
1966,Participant 1353,online,1,0,0
1967,Participant 1354,online,0,1,0
1968,Participant 1355,online,1,0,0
1969,Participant 1356,online,1,0,0
1970,Participant 1357,online,1,0,0
1971,Participant 1358,online,0,1,0
1972,Participant 1359,online,0,1,0
1973,Participant 1360,online,1,0,0
1974,Participant 1361,online,1,0,0
1975,Participant 1362,online,0,1,0
1976,Participant 1363,online,0,1,0
1977,Participant 1364,online,0,0,1
1978,Participant 1365,online,0,1,0
1979,Participant 1366,online,0,1,0
1980,Participant 1367,online,1,0,0
1981,Participant 1368,online,1,0,0
1982,Participant 1369,online,1,0,0
1983,Participant 1370,online,1,0,0
1984,Participant 1371,online,1,0,0
1985,Participant 1372,online,1,0,0
1986,Participant 1373,online,1,0,0
1987,Participant 1374,online,1,0,0
1988,Participant 1375,online,1,0,0
1989,Participant 1376,online,0,1,0
1990,Participant 1377,online,1,0,0
1991,Participant 1378,online,1,0,0
1992,Participant 1379,online,1,0,0
1993,Participant 1380,online,1,0,0
1994,Participant 1381,online,0,1,0
1995,Participant 1382,online,1,0,0
1996,Participant 1383,online,1,0,0
1997,Participant 1384,online,0,1,0
1998,Participant 1385,online,0,1,0
1999,Participant 1386,online,0,1,0
2000,Participant 1387,online,1,0,0
2001,Participant 1388,online,1,0,0
2002,Participant 1389,online,0,1,0
2003,Participant 1390,online,0,1,0
2004,Participant 1391,online,1,0,0
2005,Participant 1392,online,0,1,0
2006,Participant 1393,online,1,0,0
2007,Participant 1394,online,0,1,0
2008,Participant 1395,online,1,0,0
2009,Participant 1396,online,1,0,0
2010,Participant 1397,online,0,1,0
2011,Participant 1398,online,1,0,0
2012,Participant 1399,online,1,0,0
2013,Participant 1400,online,0,0,0
2014,Participant 1401,online,0,0,0
2015,Participant 1402,online,1,0,0
2016,Participant 1403,online,1,0,0
2017,Participant 1404,online,0,0,0
2018,Participant 1405,online,0,1,0
2019,Participant 1406,online,0,1,0
2020,Participant 1407,online,1,0,0
2021,Participant 1408,online,0,1,0
2022,Participant 1409,online,1,0,0
2023,Participant 1410,online,0,1,0
2024,Participant 1411,online,1,0,0
2025,Participant 1412,online,0,1,0
2026,Participant 1413,online,1,0,0
2027,Participant 1414,online,1,0,0
2028,Participant 1415,online,0,1,0
2029,Participant 1416,online,0,1,0
2030,Participant 1417,online,1,0,0
2031,Participant 1418,online,0,1,0
2032,Participant 1419,online,1,0,0
2033,Participant 1420,online,0,1,0
2034,Participant 1421,online,0,1,0
2035,Participant 1422,online,0,1,0
2036,Participant 1423,online,1,0,0
2037,Participant 1424,online,1,0,0
2038,Participant 1425,online,0,1,0
2039,Participant 1426,online,0,1,0
2040,Participant 1427,online,1,0,0
2041,Participant 1428,online,1,0,0
2042,Participant 1429,online,0,1,0
2043,Participant 1430,online,1,0,0
2044,Participant 1431,online,1,0,0
2045,Participant 1432,online,0,1,0
2046,Participant 1433,online,0,1,0
2047,Participant 1434,online,1,0,0
2048,Participant 1435,online,1,0,0
2049,Participant 1436,online,0,1,0
2050,Participant 1437,online,1,0,0
2051,Participant 1438,online,0,1,0
2052,Participant 1439,online,0,1,0
2053,Participant 1440,online,1,0,0
2054,Participant 1441,online,0,1,0
2055,Participant 1442,online,0,1,0
2056,Participant 1443,online,0,1,0
2057,Participant 1444,online,1,0,0
2058,Participant 1445,online,0,1,0
2059,Participant 1446,online,1,0,0
2060,Participant 1447,online,1,0,0
2061,Participant 1448,online,1,0,0
2062,Participant 1449,online,1,0,0
2063,Participant 1450,online,0,1,0
2064,Participant 1451,online,1,0,0
2065,Participant 1452,online,1,0,0
2066,Participant 1453,online,1,0,0
2067,Participant 1454,online,0,1,0
2068,Participant 1455,online,1,0,0
2069,Participant 1456,online,1,0,0
2070,Participant 1457,online,0,1,0
2071,Participant 1458,online,1,0,0
2072,Participant 1459,online,1,0,0
2073,Participant 1460,online,1,0,0
2074,Participant 1461,online,1,0,0
2075,Participant 1462,online,1,0,0
2076,Participant 1463,online,1,0,0
2077,Participant 1464,online,1,0,0
2078,Participant 1465,online,0,0,0
2079,Participant 1466,online,1,0,0
2080,Participant 1467,online,1,0,0
2081,Participant 1468,online,1,0,0
2082,Participant 1469,online,0,1,0
2083,Participant 1470,online,1,0,0
2084,Participant 1471,online,1,0,0
2085,Participant 1472,online,0,1,0
2086,Participant 1473,online,0,1,0
2087,Participant 1474,online,1,0,0
2088,Participant 1475,online,1,0,0
2089,Participant 1476,online,1,0,0
2090,Participant 1477,online,1,0,0
2091,Participant 1478,online,1,0,0
2092,Participant 1479,online,0,1,0
2093,Participant 1480,online,1,0,0
2094,Participant 1481,online,1,0,0
2095,Participant 1482,online,1,0,0
2096,Participant 1483,online,0,1,0
2097,Participant 1484,online,0,1,0
2098,Participant 1485,online,1,0,0
2099,Participant 1486,online,1,0,0
2100,Participant 1487,online,1,0,0
2101,Participant 1488,online,0,1,0
2102,Participant 1489,online,1,0,0
2103,Participant 1490,online,0,1,0
2104,Participant 1491,online,1,0,0
2105,Participant 1492,online,1,0,0
2106,Participant 1493,online,0,1,0
2107,Participant 1494,online,1,0,0
2108,Participant 1495,online,0,1,0
2109,Participant 1496,online,1,0,0
2110,Participant 1497,online,1,0,0
2111,Participant 1498,online,1,0,0
2112,Participant 1499,online,1,0,0
2113,Participant 1500,online,0,1,0
2114,Participant 1501,online,0,1,0
2115,Participant 1502,online,1,0,0
2116,Participant 1503,online,1,0,0
2117,Participant 1504,online,0,1,0
2118,Participant 1505,online,0,1,0
2119,Participant 1506,online,0,1,0
2120,Participant 1507,online,0,1,0
2121,Participant 1508,online,0,1,0
2122,Participant 1509,online,0,1,0
2123,Participant 1510,online,0,1,0
2124,Participant 1511,online,0,0,0
2125,Participant 1512,online,1,0,0
2126,Participant 1513,online,0,1,0
2127,Participant 1514,online,0,1,0
2128,Participant 1515,online,0,1,0
2129,Participant 1516,online,1,0,0
2130,Participant 1517,online,0,1,0
2131,Participant 1518,online,1,0,0
2132,Participant 1519,online,0,1,0
2133,Participant 1520,online,1,0,0
2134,Participant 1521,online,1,0,0
2135,Participant 1522,online,1,0,0
2136,Participant 1523,online,0,1,0
2137,Participant 1524,online,1,0,0
2138,Participant 1525,online,0,1,0
2139,Participant 1526,online,1,0,0
2140,Participant 1527,online,0,1,0
2141,Participant 1528,online,1,0,0
2142,Participant 1529,online,1,0,0
2143,Participant 1530,online,1,0,0
2144,Participant 1531,online,0,1,0
2145,Participant 1532,online,0,0,0
2146,Participant 1533,online,0,1,0
2147,Participant 1534,online,1,0,0
2148,Participant 1535,online,1,0,0
2149,Participant 1536,online,1,0,0
2150,Participant 1537,online,1,0,0
2151,Participant 1538,online,0,0,0
2152,Participant 1539,online,0,1,0
2153,Participant 1540,online,1,0,0
2154,Participant 1541,online,1,0,0
2155,Participant 1542,online,1,0,0
2156,Participant 1543,online,1,0,0
2157,Participant 1544,online,1,0,0
2158,Participant 1545,online,1,0,0
2159,Participant 1546,online,1,0,0
2160,Participant 1547,online,1,0,0
2161,Participant 1548,online,0,1,0
2162,Participant 1549,online,1,0,0
2163,Participant 1550,online,1,0,0
2164,Participant 1551,online,1,0,0
2165,Participant 1552,online,0,0,0
2166,Participant 1553,online,1,0,0
2167,Participant 1554,online,0,1,0
2168,Participant 1555,online,0,1,0
2169,Participant 1556,online,0,0,0
2170,Participant 1557,online,1,0,0
2171,Participant 1558,online,0,1,0
2172,Participant 1559,online,1,0,0
2173,Participant 1560,online,0,1,0
2174,Participant 1561,online,0,1,0
2175,Participant 1562,online,0,1,0
2176,Participant 1563,online,1,0,0
2177,Participant 1564,online,0,1,0
2178,Participant 1565,online,1,0,0
2179,Participant 1566,online,0,1,0
2180,Participant 1567,online,0,1,0
2181,Participant 1568,online,1,0,0
2182,Participant 1569,online,1,0,0
2183,Participant 1570,online,0,0,0
2184,Participant 1571,online,1,0,0
2185,Participant 1572,online,1,0,0
2186,Participant 1573,online,1,0,0
2187,Participant 1574,online,0,1,0
2188,Participant 1575,online,1,0,0
2189,Participant 1576,online,1,0,0
2190,Participant 1577,online,0,1,0
2191,Participant 1578,online,1,0,0
2192,Participant 1579,online,0,1,0
2193,Participant 1580,online,0,1,0
2194,Participant 1581,online,0,0,0
2195,Participant 1582,online,1,0,0
2196,Participant 1583,online,1,0,0
2197,Participant 1584,online,0,1,0
2198,Participant 1585,online,1,0,0
2199,Participant 1586,online,1,0,0
2200,Participant 1587,online,0,1,0
2201,Participant 1588,online,0,1,0
2202,Participant 1589,online,0,1,0
2203,Participant 1590,online,1,0,0
2204,Participant 1591,online,0,1,0
2205,Participant 1592,online,0,1,0
2206,Participant 1593,online,1,0,0
2207,Participant 1594,online,1,0,0
2208,Participant 1595,online,1,0,0
2209,Participant 1596,online,1,0,0
2210,Participant 1597,online,0,0,0
2211,Participant 1598,online,1,0,0
2212,Participant 1599,online,1,0,0
2213,Participant 1600,online,0,1,0
2214,Participant 1601,online,1,0,0
2215,Participant 1602,online,0,1,0
2216,Participant 1603,online,1,0,0
2217,Participant 1604,online,0,1,0
2218,Participant 1605,online,0,1,0
2219,Participant 1606,online,0,0,0
2220,Participant 1607,online,0,0,0
2221,Participant 1608,online,0,1,0
2222,Participant 1609,online,0,1,0
2223,Participant 1610,online,0,1,0
2224,Participant 1611,online,1,0,0
2225,Participant 1612,online,1,0,0
2226,Participant 1613,online,1,0,0
2227,Participant 1614,online,0,1,0
2228,Participant 1615,online,1,0,0
2229,Participant 1616,online,1,0,0
2230,Participant 1617,online,1,0,0
2231,Participant 1618,online,0,1,0
2232,Participant 1619,online,1,0,0
2233,Participant 1620,online,0,1,0
2234,Participant 1621,online,1,0,0
2235,Participant 1622,online,1,0,0
2236,Participant 1623,online,1,0,0
2237,Participant 1624,online,0,1,0
2238,Participant 1625,online,1,0,0
2239,Participant 1626,online,0,1,0
2240,Participant 1627,online,0,1,0
2241,Participant 1628,online,0,1,0
2242,Participant 1629,online,0,0,0
2243,Participant 1630,online,1,0,0
2244,Participant 1631,online,1,0,0
2245,Participant 1632,online,1,0,0
2246,Participant 1633,online,0,1,0
2247,Participant 1634,online,0,1,0
2248,Participant 1635,online,1,0,0
2249,Participant 1636,online,1,0,0
2250,Participant 1637,online,0,1,0
2251,Participant 1638,online,1,0,0
2252,Participant 1639,online,1,0,0
2253,Participant 1640,online,1,0,0
2254,Participant 1641,online,0,1,0
2255,Participant 1642,online,1,0,0
2256,Participant 1643,online,0,1,0
2257,Participant 1644,online,0,1,0
2258,Participant 1645,online,0,0,0
2259,Participant 1646,online,1,0,0
2260,Participant 1647,online,0,1,0
2261,Participant 1648,online,0,1,0
2262,Participant 1649,online,1,0,0
2263,Participant 1650,online,1,0,0
2264,Participant 1651,online,0,1,0
2265,Participant 1652,online,1,0,0
2266,Participant 1653,online,1,0,0
2267,Participant 1654,online,1,0,0
2268,Participant 1655,online,0,1,0
2269,Participant 1656,online,0,0,0
2270,Participant 1657,online,1,0,0
2271,Participant 1658,online,1,0,0
2272,Participant 1659,online,0,1,0
2273,Participant 1660,online,1,0,0
2274,Participant 1661,online,0,1,0
2275,Participant 1662,online,0,1,0
2276,Participant 1663,online,1,0,0
2277,Participant 1664,online,1,0,0
2278,Participant 1665,online,0,1,0
2279,Participant 1666,online,0,1,0
2280,Participant 1667,online,1,0,0
2281,Participant 1668,online,1,0,0
2282,Participant 1669,online,0,0,1
2283,Participant 1670,online,1,0,0
2284,Participant 1671,online,1,0,0
2285,Participant 1672,online,1,0,0
2286,Participant 1673,online,1,0,0
2287,Participant 1674,online,1,0,0
2288,Participant 1675,online,1,0,0
2289,Participant 1676,online,0,1,0
2290,Participant 1677,online,1,0,0
2291,Participant 1678,online,1,0,0
2292,Participant 1679,online,1,0,0
2293,Participant 1680,online,1,0,0
2294,Participant 1681,online,0,1,0
2295,Participant 1682,online,1,0,0
2296,Participant 1683,online,0,1,0
2297,Participant 1684,online,1,0,0
2298,Participant 1685,online,0,1,0
2299,Participant 1686,online,0,0,0
2300,Participant 1687,online,0,1,0
2301,Participant 1688,online,0,1,0
2302,Participant 1689,online,0,0,0
2303,Participant 1690,online,0,0,0
2304,Participant 1691,online,1,0,0
2305,Participant 1692,online,0,0,0
2306,Participant 1693,online,1,0,0
2307,Participant 1694,online,1,0,0
2308,Participant 1695,online,0,0,0
2309,Participant 1696,online,0,1,0
2310,Participant 1697,online,1,0,0
2311,Participant 1698,online,0,1,0
2312,Participant 1699,online,0,0,0
2313,Participant 1700,online,0,0,0
2314,Participant 1701,online,0,1,0
2315,Participant 1702,online,1,0,0
2316,Participant 1703,online,1,0,0
2317,Participant 1704,online,0,1,0
2318,Participant 1705,online,1,0,0
2319,Participant 1706,online,0,0,0
2320,Participant 1707,online,0,0,0
2321,Participant 1708,online,0,0,0
2322,Participant 1709,online,0,0,0
2323,Participant 1710,online,1,0,0
2324,Participant 1711,online,0,1,0
2325,Participant 1712,online,0,0,0
2326,Participant 1713,online,0,1,0
2327,Participant 1714,online,1,0,0
2328,Participant 1715,online,0,1,0
2329,Participant 1716,online,0,0,0
2330,Participant 1717,online,0,1,0
2331,Participant 1718,online,0,0,0
2332,Participant 1719,online,0,0,0
2333,Participant 1720,online,1,0,0
2334,Participant 1721,online,0,1,0
2335,Participant 1722,online,1,0,0
2336,Participant 1723,online,0,1,0
2337,Participant 1724,online,1,0,0
2338,Participant 1725,online,0,0,0
2339,Participant 1726,online,1,0,0
2340,Participant 1727,online,0,0,0
2341,Participant 1728,online,1,0,0
2342,Participant 1729,online,0,0,0
2343,Participant 1730,online,1,0,0
2344,Participant 1731,online,1,0,0
2345,Participant 1732,online,0,0,0
2346,Participant 1733,online,1,0,0
2347,Participant 1734,online,1,0,0
2348,Participant 1735,online,0,0,0
2349,Participant 1736,online,0,1,0
2350,Participant 1737,online,0,1,0
2351,Participant 1738,online,1,0,0
2352,Participant 1739,online,1,0,0
2353,Participant 1740,online,1,0,0
2354,Participant 1741,online,1,0,0
2355,Participant 1742,online,1,0,0
2356,Participant 1743,online,1,0,0
2357,Participant 1744,online,0,1,0
2358,Participant 1745,online,0,0,0
2359,Participant 1746,online,1,0,0
